id;username;email;age;created_at
301a8dd9-30c5-408f-87dc-cdf7acf89bc7;halt;"-@:\1&.!*.u=";14795;2025-05-31T13:22:12
a3b543fd-a8ad-4726-b14a-387da241340f;opposite;"i\@8j.Wth";21327;2025-05-31T11:38:01
bcac4db2-145a-4074-ad34-4f3e61ebee27;rudely;"/$@.q+.4";21045;2025-05-30T21:56:53
ee895455-815f-4572-a76c-8e6cd90c76fa;alienated bruised criminal;"!@inaoXQ.[";162;2025-05-30T20:35:22
d77518a7-5bcd-4ddc-85bb-a6ddbb613448;hurtful allocation ha;"x@q}$nb.q?\a$5";26599;2025-05-31T08:21:57
130abf2a-de37-4eab-97f1-c8d8f0ecd4b3;midst;"O\kF@|w.Iy";6929;2025-05-31T02:27:24
327e0bc8-e6c7-40c2-aa1b-c488b9d38107;whether creak winding;"5;E@7.!v{aJ";22093;2025-05-30T19:28:49
315303cb-68f4-4222-b574-97d9315681f9;dramatic far-flung against;"N.SO(e@+?Xkz(.n";4640;2025-05-31T06:55:27
9af117b3-dc6a-4c1a-b5bc-438625f18be3;deeply;"j\JW@:?+)u._";30606;2025-05-31T12:47:30
a6f5dd16-df27-4bf0-b442-1836cdc217ef;wildly consequently wriggler;"|?rS'z@oc.D[k";2903;2025-05-31T08:16:10
